<?xml version="1.0" encoding="UTF-8"?>
<metadata xml:lang="en"><Esri><CreaDate>20171117</CreaDate><CreaTime>11432900</CreaTime><ArcGISFormat>1.0</ArcGISFormat><SyncOnce>FALSE</SyncOnce><DataProperties><lineage><Process ToolSource="c:\program files (x86)\arcgis\desktop10.4\ArcToolbox\Toolboxes\Data Management Tools.tbx\CalculateField" Date="20160713" Time="161913">CalculateField Road_normalization\Prepare_new_Xavier_roads\Class_roads_ANE_Road_proj_adj_w_IRI_ln_03tj Length_km_pre [LENGTH_GEO] VB #</Process><Process ToolSource="c:\program files (x86)\arcgis\desktop10.4\ArcToolbox\Toolboxes\Data Management Tools.tbx\CalculateField" Date="20160714" Time="164008">CalculateField Road_normalization\Prepare_new_Xavier_roads\Add_traffic_data_to_classified_roads\Edited_to_make_one_road_between_each_intersection\Class_roads_ANE_Road_proj_adj_w_IRI_ln_04tjEd Dissolve_01 [OBJECTID] VB #</Process><Process ToolSource="c:\program files (x86)\arcgis\desktop10.4\ArcToolbox\Toolboxes\Data Management Tools.tbx\CalculateField" Date="20160714" Time="164143">CalculateField Road_normalization\Prepare_new_Xavier_roads\Add_traffic_data_to_classified_roads\Edited_to_make_one_road_between_each_intersection\Class_roads_ANE_Road_proj_adj_w_IRI_ln_04tjEd Length_km [LENGTH_GEO] VB #</Process><Process ToolSource="c:\program files (x86)\arcgis\desktop10.4\ArcToolbox\Toolboxes\Data Management Tools.tbx\CalculateField" Date="20160714" Time="164306">CalculateField Road_normalization\Prepare_new_Xavier_roads\Add_traffic_data_to_classified_roads\Edited_to_make_one_road_between_each_intersection\Class_roads_ANE_Road_proj_adj_w_IRI_ln_04tjEd new_RUC_orig [new_RUC] VB #</Process><Process ToolSource="c:\program files (x86)\arcgis\desktop10.4\ArcToolbox\Toolboxes\Data Management Tools.tbx\CalculateField" Date="20160714" Time="164350">CalculateField Road_normalization\Prepare_new_Xavier_roads\Add_traffic_data_to_classified_roads\Edited_to_make_one_road_between_each_intersection\Class_roads_ANE_Road_proj_adj_w_IRI_ln_04tjEd new_RUC "[new_RUC] * ( [Length_km] / [Length_km_pre] )" VB #</Process><Process ToolSource="c:\program files (x86)\arcgis\desktop10.4\ArcToolbox\Toolboxes\Data Management Tools.tbx\CalculateField" Date="20160714" Time="164515">CalculateField Road_normalization\Prepare_new_Xavier_roads\Add_traffic_data_to_classified_roads\Edited_to_make_one_road_between_each_intersection\Class_roads_ANE_Road_proj_adj_w_IRI_ln_04tjEd Travel_time "[Length_km]/ [Avg_speed]" VB #</Process><Process ToolSource="c:\program files (x86)\arcgis\desktop10.4\ArcToolbox\Toolboxes\Data Management Tools.tbx\CalculateField" Date="20160714" Time="165442">CalculateField Road_normalization\Prepare_new_Xavier_roads\Add_traffic_data_to_classified_roads\Edited_to_make_one_road_between_each_intersection\Class_roads_ANE_Road_proj_adj_w_IRI_ln_04tjED Source "Classified" VB #</Process><Process ToolSource="c:\program files (x86)\arcgis\desktop10.4\ArcToolbox\Toolboxes\Data Management Tools.tbx\CalculateField" Date="20160803" Time="165909">CalculateField Road_normalization\Prepare_new_Xavier_roads\Add_traffic_data_to_classified_roads\Edited_to_make_one_road_between_each_intersection\Class_roads_ANE_Road_proj_adj_w_IRI_ln_04tjED RUC_km_total "[Length_km] * [new_RUC_orig]" VB #</Process><Process ToolSource="c:\program files (x86)\arcgis\desktop10.4\ArcToolbox\Toolboxes\Data Management Tools.tbx\CalculateField" Date="20160803" Time="170128">CalculateField Road_normalization\Prepare_new_Xavier_roads\Add_traffic_data_to_classified_roads\Edited_to_make_one_road_between_each_intersection\Class_roads_ANE_Road_proj_adj_w_IRI_ln_04tjED RUC_km_total "[Length_km] * [new_RUC_orig]" VB #</Process><Process ToolSource="c:\program files (x86)\arcgis\desktop10.4\ArcToolbox\Toolboxes\Data Management Tools.tbx\CalculateField" Date="20160803" Time="170336">CalculateField Road_normalization\Prepare_new_Xavier_roads\Add_traffic_data_to_classified_roads\Edited_to_make_one_road_between_each_intersection\Class_roads_ANE_Road_proj_adj_w_IRI_ln_04tjED RUC_km_total "[Length_km] * [new_RUC_orig]" VB #</Process><Process ToolSource="c:\program files (x86)\arcgis\desktop10.4\ArcToolbox\Toolboxes\Data Management Tools.tbx\CalculateField" Date="20160804" Time="191852">CalculateField Road_normalization\Prepare_new_Xavier_roads\Add_traffic_data_to_classified_roads\Edited_to_make_one_road_between_each_intersection\Class_roads_ANE_Road_proj_adj_w_IRI_ln_04tjED Travel_time_hrs_total "[Length_km] * [Avg_speed]" VB #</Process><Process ToolSource="c:\program files (x86)\arcgis\desktop10.4\ArcToolbox\Toolboxes\Data Management Tools.tbx\CalculateField" Date="20160804" Time="191906">CalculateField Road_normalization\Prepare_new_Xavier_roads\Add_traffic_data_to_classified_roads\Edited_to_make_one_road_between_each_intersection\Class_roads_ANE_Road_proj_adj_w_IRI_ln_04tjED Travel_time_hrs_total ([Length_km] * [Avg_speed])/60 VB #</Process><Process ToolSource="c:\program files (x86)\arcgis\desktop10.4\ArcToolbox\Toolboxes\Data Management Tools.tbx\CalculateField" Date="20160804" Time="192036">CalculateField Road_normalization\Prepare_new_Xavier_roads\Add_traffic_data_to_classified_roads\Edited_to_make_one_road_between_each_intersection\Class_roads_ANE_Road_proj_adj_w_IRI_ln_04tjED Travel_time_hrs_total "[Length_km] / [Avg_speed]" VB #</Process><Process ToolSource="c:\program files (x86)\arcgis\desktop10.4\ArcToolbox\Toolboxes\Data Management Tools.tbx\AddGeometryAttributes" Date="20160809" Time="173343">AddGeometryAttributes Road_normalization\Prepare_new_Xavier_roads\Add_traffic_data_to_classified_roads\Edited_to_make_one_road_between_each_intersection\Class_roads_ANE_Road_proj_adj_w_IRI_ln_04tjED LENGTH_GEODESIC KILOMETERS # GEOGCS['GCS_WGS_1984',DATUM['D_WGS_1984',SPHEROID['WGS_1984',6378137.0,298.257223563]],PRIMEM['Greenwich',0.0],UNIT['Degree',0.0174532925199433]]</Process><Process ToolSource="c:\program files (x86)\arcgis\desktop10.4\ArcToolbox\Toolboxes\Data Management Tools.tbx\CalculateField" Date="20160809" Time="173720">CalculateField Road_normalization\Prepare_new_Xavier_roads\Add_traffic_data_to_classified_roads\Edited_to_make_one_road_between_each_intersection\Class_roads_ANE_Road_proj_adj_w_IRI_ln_04tjED Length_km [LENGTH_GEO] VB #</Process><Process ToolSource="c:\program files (x86)\arcgis\desktop10.4\ArcToolbox\Toolboxes\Data Management Tools.tbx\CalculateField" Date="20160809" Time="173738">CalculateField Road_normalization\Prepare_new_Xavier_roads\Add_traffic_data_to_classified_roads\Edited_to_make_one_road_between_each_intersection\Class_roads_ANE_Road_proj_adj_w_IRI_ln_04tjED Travel_time "[Length_km]/ [Avg_speed]" VB #</Process><Process ToolSource="c:\program files (x86)\arcgis\desktop10.4\ArcToolbox\Toolboxes\Data Management Tools.tbx\CalculateField" Date="20160809" Time="173804">CalculateField Road_normalization\Prepare_new_Xavier_roads\Add_traffic_data_to_classified_roads\Edited_to_make_one_road_between_each_intersection\Class_roads_ANE_Road_proj_adj_w_IRI_ln_04tjED RUC_km_total "[new_RUC]* [Length_km]" VB #</Process><Process ToolSource="c:\program files (x86)\arcgis\desktop10.4\ArcToolbox\Toolboxes\Data Management Tools.tbx\Dissolve" Date="20160809" Time="174447">Dissolve Road_normalization\Prepare_new_Xavier_roads\Add_traffic_data_to_classified_roads\Edited_to_make_one_road_between_each_intersection\Class_roads_ANE_Road_proj_adj_w_IRI_ln_04tjED C:\Users\cstelzne\Desktop\PROJECTS\Mozambique\Mozambique_GDB_01.gdb\Class_roads_ANE_Road_proj_adj_w_IRI_ln_06tjEDd Dissolve_01 "RUC_km_total SUM;Avg_speed MIN;Traffic_analysis MAX;Length_km SUM;Travel_time SUM" MULTI_PART DISSOLVE_LINES</Process><Process ToolSource="c:\program files (x86)\arcgis\desktop10.4\ArcToolbox\Toolboxes\Data Management Tools.tbx\Merge" Date="20160809" Time="174539">Merge RUC_per_mile_correction\Unprocessed_roads\Redissolve_classified_and_new_Xavier_roads\Class_roads_ANE_Road_proj_adj_w_IRI_ln_06tjEDd;RUC_per_mile_correction\Unprocessed_roads\Redissolve_classified_and_new_Xavier_roads\Unclassified_roads_project_20160706_ln_03d;RUC_per_mile_correction\Unprocessed_roads\Redissolve_classified_and_new_Xavier_roads\Mozambique_roads_manual_ln_03trED C:\Users\cstelzne\Desktop\PROJECTS\Mozambique\Mozambique_GDB_01.gdb\MOZ_roads_all_20160804_ln_02 "Dissolve_01 "Dissolve_01" true true false 2 Short 0 0 ,First,#,RUC_per_mile_correction\Unprocessed_roads\Redissolve_classified_and_new_Xavier_roads\Class_roads_ANE_Road_proj_adj_w_IRI_ln_06tjEDd,Dissolve_01,-1,-1,RUC_per_mile_correction\Unprocessed_roads\Redissolve_classified_and_new_Xavier_roads\Unclassified_roads_project_20160706_ln_03d,Dissolve_01,-1,-1;SUM_RUC_km_total "SUM_RUC_km_total" true true false 8 Double 0 0 ,First,#,RUC_per_mile_correction\Unprocessed_roads\Redissolve_classified_and_new_Xavier_roads\Class_roads_ANE_Road_proj_adj_w_IRI_ln_06tjEDd,SUM_RUC_km_total,-1,-1,RUC_per_mile_correction\Unprocessed_roads\Redissolve_classified_and_new_Xavier_roads\Unclassified_roads_project_20160706_ln_03d,SUM_RUC_km_total,-1,-1;MIN_Avg_speed "MIN_Avg_speed" true true false 8 Double 0 0 ,First,#,RUC_per_mile_correction\Unprocessed_roads\Redissolve_classified_and_new_Xavier_roads\Class_roads_ANE_Road_proj_adj_w_IRI_ln_06tjEDd,MIN_Avg_speed,-1,-1,RUC_per_mile_correction\Unprocessed_roads\Redissolve_classified_and_new_Xavier_roads\Unclassified_roads_project_20160706_ln_03d,MIN_Avg_speed,-1,-1,RUC_per_mile_correction\Unprocessed_roads\Redissolve_classified_and_new_Xavier_roads\Mozambique_roads_manual_ln_03trED,MIN_Avg_speed,-1,-1;MAX_Traffic_analysis "MAX_Traffic_analysis" true true false 8 Double 0 0 ,First,#,RUC_per_mile_correction\Unprocessed_roads\Redissolve_classified_and_new_Xavier_roads\Class_roads_ANE_Road_proj_adj_w_IRI_ln_06tjEDd,MAX_Traffic_analysis,-1,-1,RUC_per_mile_correction\Unprocessed_roads\Redissolve_classified_and_new_Xavier_roads\Mozambique_roads_manual_ln_03trED,MAX_Traffic_analysis,-1,-1;SUM_Length_km "SUM_Length_km" true true false 8 Double 0 0 ,First,#,RUC_per_mile_correction\Unprocessed_roads\Redissolve_classified_and_new_Xavier_roads\Class_roads_ANE_Road_proj_adj_w_IRI_ln_06tjEDd,SUM_Length_km,-1,-1,RUC_per_mile_correction\Unprocessed_roads\Redissolve_classified_and_new_Xavier_roads\Unclassified_roads_project_20160706_ln_03d,SUM_Length_km,-1,-1,RUC_per_mile_correction\Unprocessed_roads\Redissolve_classified_and_new_Xavier_roads\Mozambique_roads_manual_ln_03trED,SUM_Length_km,-1,-1;SUM_Travel_time "SUM_Travel_time" true true false 8 Double 0 0 ,First,#,RUC_per_mile_correction\Unprocessed_roads\Redissolve_classified_and_new_Xavier_roads\Class_roads_ANE_Road_proj_adj_w_IRI_ln_06tjEDd,SUM_Travel_time,-1,-1,RUC_per_mile_correction\Unprocessed_roads\Redissolve_classified_and_new_Xavier_roads\Unclassified_roads_project_20160706_ln_03d,SUM_Travel_time,-1,-1,RUC_per_mile_correction\Unprocessed_roads\Redissolve_classified_and_new_Xavier_roads\Mozambique_roads_manual_ln_03trED,SUM_Travel_time,-1,-1;Shape_Length "Shape_Length" false true true 8 Double 0 0 ,First,#,RUC_per_mile_correction\Unprocessed_roads\Redissolve_classified_and_new_Xavier_roads\Class_roads_ANE_Road_proj_adj_w_IRI_ln_06tjEDd,Shape_Length,-1,-1,RUC_per_mile_correction\Unprocessed_roads\Redissolve_classified_and_new_Xavier_roads\Unclassified_roads_project_20160706_ln_03d,Shape_Length,-1,-1,RUC_per_mile_correction\Unprocessed_roads\Redissolve_classified_and_new_Xavier_roads\Mozambique_roads_manual_ln_03trED,Shape_Length,-1,-1;Road_ID_01 "Road_ID_01" true true false 4 Long 0 0 ,First,#,RUC_per_mile_correction\Unprocessed_roads\Redissolve_classified_and_new_Xavier_roads\Class_roads_ANE_Road_proj_adj_w_IRI_ln_06tjEDd,Road_ID_01,-1,-1,RUC_per_mile_correction\Unprocessed_roads\Redissolve_classified_and_new_Xavier_roads\Unclassified_roads_project_20160706_ln_03d,Road_ID_01,-1,-1,RUC_per_mile_correction\Unprocessed_roads\Redissolve_classified_and_new_Xavier_roads\Mozambique_roads_manual_ln_03trED,Road_ID_01,-1,-1;Source "Source" true true false 50 Text 0 0 ,First,#,RUC_per_mile_correction\Unprocessed_roads\Redissolve_classified_and_new_Xavier_roads\Class_roads_ANE_Road_proj_adj_w_IRI_ln_06tjEDd,Source,-1,-1,RUC_per_mile_correction\Unprocessed_roads\Redissolve_classified_and_new_Xavier_roads\Unclassified_roads_project_20160706_ln_03d,Source,-1,-1,RUC_per_mile_correction\Unprocessed_roads\Redissolve_classified_and_new_Xavier_roads\Mozambique_roads_manual_ln_03trED,Source,-1,-1;MAX_AADT "MAX_AADT" true true false 8 Double 0 0 ,First,#,RUC_per_mile_correction\Unprocessed_roads\Redissolve_classified_and_new_Xavier_roads\Unclassified_roads_project_20160706_ln_03d,MAX_AADT,-1,-1;SUM_RUC "SUM_RUC" true true false 8 Double 0 0 ,First,#,RUC_per_mile_correction\Unprocessed_roads\Redissolve_classified_and_new_Xavier_roads\Mozambique_roads_manual_ln_03trED,SUM_RUC,-1,-1;RUC_km_total "RUC_km_total" true true false 8 Double 0 0 ,First,#,RUC_per_mile_correction\Unprocessed_roads\Redissolve_classified_and_new_Xavier_roads\Mozambique_roads_manual_ln_03trED,RUC_km_total,-1,-1"</Process><Process ToolSource="c:\program files (x86)\arcgis\desktop10.4\ArcToolbox\Toolboxes\Data Management Tools.tbx\CalculateField" Date="20160812" Time="113152">CalculateField MOZ_roads_all_20160804_ln_02 Dissolve_1_5 [OBJECTID] VB #</Process><Process ToolSource="c:\program files (x86)\arcgis\desktop10.4\ArcToolbox\Toolboxes\Data Management Tools.tbx\CalculateField" Date="20160812" Time="113218">CalculateField MOZ_roads_all_20160804_ln_02 Dissolve_1_5 835 VB #</Process><Process ToolSource="c:\program files (x86)\arcgis\desktop10.4\ArcToolbox\Toolboxes\Data Management Tools.tbx\CalculateField" Date="20160812" Time="113543">CalculateField MOZ_roads_all_20160804_ln_02 SUM_RUC_km_total [RUC_km_total] VB #</Process><Process ToolSource="c:\program files (x86)\arcgis\desktop10.4\ArcToolbox\Toolboxes\Data Management Tools.tbx\CalculateField" Date="20160812" Time="114037">CalculateField MOZ_roads_all_20160804_ln_02 Source "Unclass_20160706" VB #</Process><Process ToolSource="c:\program files (x86)\arcgis\desktop10.4\ArcToolbox\Toolboxes\Data Management Tools.tbx\CalculateField" Date="20160812" Time="114108">CalculateField MOZ_roads_all_20160804_ln_02 Source "Classified" VB #</Process><Process ToolSource="c:\program files (x86)\arcgis\desktop10.4\ArcToolbox\Toolboxes\Data Management Tools.tbx\CalculateField" Date="20160812" Time="114226">CalculateField MOZ_roads_all_20160804_ln_02 MAX_Traffic_analysis [MAX_AADT] VB #</Process><Process ToolSource="c:\program files (x86)\arcgis\desktop10.4\ArcToolbox\Toolboxes\Data Management Tools.tbx\Dissolve" Date="20160816" Time="143414">Dissolve MOZ_roads_all_20160804_ln_02 C:\Users\cstelzne\Desktop\PROJECTS\Mozambique\Mozambique_GDB_01.gdb\MOZ_roads_all_20160804_ln_03d Dissolve_1_5 "SUM_RUC_km_total SUM;MIN_Avg_speed MIN;MAX_Traffic_analysis MAX;SUM_Length_km SUM;SUM_Travel_time SUM" MULTI_PART DISSOLVE_LINES</Process><Process ToolSource="c:\program files (x86)\arcgis\desktop10.4\ArcToolbox\Toolboxes\Analysis Tools.tbx\SpatialJoin" Date="20160816" Time="143719">SpatialJoin MOZ_roads_all_20160804_ln_03d New_road_set_reconciliation\MOZ_roads_all_20160714_ln_01 C:\Users\cstelzne\Desktop\PROJECTS\Mozambique\Mozambique_GDB_01.gdb\MOZ_roads_all_20160804_ln_04dSJ JOIN_ONE_TO_ONE KEEP_ALL "SUM_RUC "SUM_RUC" true true false 8 Double 0 0 ,First,#,New_road_set_reconciliation\MOZ_roads_all_20160714_ln_01,SUM_RUC,-1,-1;MIN_Avg_speed "MIN_Avg_speed" true true false 8 Double 0 0 ,First,#,New_road_set_reconciliation\MOZ_roads_all_20160714_ln_01,MIN_Avg_speed,-1,-1;SUM_Length_km_pre "SUM_Length_km_pre" true true false 8 Double 0 0 ,First,#,New_road_set_reconciliation\MOZ_roads_all_20160714_ln_01,SUM_Length_km_pre,-1,-1;MAX_Traffic_analysis "MAX_Traffic_analysis" true true false 8 Double 0 0 ,First,#,New_road_set_reconciliation\MOZ_roads_all_20160714_ln_01,MAX_Traffic_analysis,-1,-1;SUM_Travel_time "SUM_Travel_time" true true false 8 Double 0 0 ,First,#,New_road_set_reconciliation\MOZ_roads_all_20160714_ln_01,SUM_Travel_time,-1,-1;Source "Source" true true false 50 Text 0 0 ,First,#,New_road_set_reconciliation\MOZ_roads_all_20160714_ln_01,Source,-1,-1;Shape_Length_1 "Shape_Length_1" false true true 8 Double 0 0 ,First,#,New_road_set_reconciliation\MOZ_roads_all_20160714_ln_01,Shape_Length,-1,-1;Dissolve_02 "Dissolve_02" true true false 2 Short 0 0 ,First,#,New_road_set_reconciliation\MOZ_roads_all_20160714_ln_01,Dissolve_02,-1,-1;SUM_Length_km "SUM_Length_km" true true false 8 Double 0 0 ,First,#,New_road_set_reconciliation\MOZ_roads_all_20160714_ln_01,SUM_Length_km,-1,-1;SUM_RUC_orig "SUM_RUC_orig" true true false 8 Double 0 0 ,First,#,New_road_set_reconciliation\MOZ_roads_all_20160714_ln_01,SUM_RUC_orig,-1,-1;Dissolve_1_5 "Dissolve_1_5" true true false 2 Short 0 0 ,First,#,MOZ_roads_all_20160804_ln_03d,Dissolve_1_5,-1,-1;SUM_SUM_RUC_km_total "SUM_SUM_RUC_km_total" true true false 8 Double 0 0 ,First,#,MOZ_roads_all_20160804_ln_03d,SUM_SUM_RUC_km_total,-1,-1;MIN_MIN_Avg_speed "MIN_MIN_Avg_speed" true true false 8 Double 0 0 ,First,#,MOZ_roads_all_20160804_ln_03d,MIN_MIN_Avg_speed,-1,-1;MAX_MAX_Traffic_analysis "MAX_MAX_Traffic_analysis" true true false 8 Double 0 0 ,First,#,MOZ_roads_all_20160804_ln_03d,MAX_MAX_Traffic_analysis,-1,-1;SUM_SUM_Length_km "SUM_SUM_Length_km" true true false 8 Double 0 0 ,First,#,MOZ_roads_all_20160804_ln_03d,SUM_SUM_Length_km,-1,-1;SUM_SUM_Travel_time "SUM_SUM_Travel_time" true true false 8 Double 0 0 ,First,#,MOZ_roads_all_20160804_ln_03d,SUM_SUM_Travel_time,-1,-1;Shape_Length "Shape_Length" false true true 8 Double 0 0 ,First,#,MOZ_roads_all_20160804_ln_03d,Shape_Length,-1,-1" ARE_IDENTICAL_TO # #</Process><Process ToolSource="c:\program files (x86)\arcgis\desktop10.4\ArcToolbox\Toolboxes\Data Management Tools.tbx\CalculateField" Date="20160816" Time="145315">CalculateField MOZ_roads_all_20160804_ln_04dSJ SUM_SUM_Length_km [LENGTH_GEO] VB #</Process><Process ToolSource="c:\program files (x86)\arcgis\desktop10.4\ArcToolbox\Toolboxes\Data Management Tools.tbx\CalculateField" Date="20160816" Time="145459">CalculateField MOZ_roads_all_20160804_ln_04dSJ SUM_SUM_Travel_time "[SUM_SUM_Travel_time] * ( [LENGTH_GEO] / [SUM_SUM_Length_km])" VB #</Process><Process ToolSource="c:\program files (x86)\arcgis\desktop10.4\ArcToolbox\Toolboxes\Data Management Tools.tbx\CalculateField" Date="20160816" Time="145541">CalculateField MOZ_roads_all_20160804_ln_04dSJ SUM_SUM_RUC_km_total "[SUM_SUM_RUC_km_total] * ( [LENGTH_GEO] / [SUM_SUM_Length_km])" VB #</Process><Process ToolSource="c:\program files (x86)\arcgis\desktop10.4\ArcToolbox\Toolboxes\Data Management Tools.tbx\Dissolve" Date="20160816" Time="145920">Dissolve MOZ_roads_all_20160804_ln_04dSJ C:\Users\cstelzne\Desktop\PROJECTS\Mozambique\Mozambique_GDB_01.gdb\MOZ_roads_all_20160804_ln_05dSJsj Dissolve_02 "SUM_SUM_RUC_km_total SUM;MIN_MIN_Avg_speed MIN;MAX_MAX_Traffic_analysis MAX;SUM_SUM_Length_km SUM;SUM_SUM_Travel_time SUM" MULTI_PART DISSOLVE_LINES</Process><Process ToolSource="c:\program files (x86)\arcgis\desktop10.4\ArcToolbox\Toolboxes\Data Management Tools.tbx\AlterField" Date="20160816" Time="150356">AlterField MOZ_roads_all_20160804_ln_06dSJsjED SUM_SUM_SUM_RUC_km_total SUM_RUC_km_total SUM_RUC_km_total DOUBLE 8 NULLABLE false</Process><Process ToolSource="c:\program files (x86)\arcgis\desktop10.4\ArcToolbox\Toolboxes\Data Management Tools.tbx\AlterField" Date="20160816" Time="150749">AlterField MOZ_roads_all_20160804_ln_06dSJsjED MIN_MIN_MIN_Avg_speed MIN_Avg_speed MIN_Avg_speed DOUBLE 8 NULLABLE false</Process><Process ToolSource="c:\program files (x86)\arcgis\desktop10.4\ArcToolbox\Toolboxes\Data Management Tools.tbx\AlterField" Date="20160816" Time="150804">AlterField MOZ_roads_all_20160804_ln_06dSJsjED MAX_MAX_MAX_Traffic_analysis MAX_Traffic_analysis MAX_Traffic_analysis DOUBLE 8 NULLABLE false</Process><Process ToolSource="c:\program files (x86)\arcgis\desktop10.4\ArcToolbox\Toolboxes\Data Management Tools.tbx\AlterField" Date="20160816" Time="150824">AlterField MOZ_roads_all_20160804_ln_06dSJsjED SUM_SUM_SUM_Length_km SUM_Length_km SUM_Length_km DOUBLE 8 NULLABLE false</Process><Process ToolSource="c:\program files (x86)\arcgis\desktop10.4\ArcToolbox\Toolboxes\Data Management Tools.tbx\AlterField" Date="20160816" Time="150900">AlterField MOZ_roads_all_20160804_ln_06dSJsjED SUM_SUM_SUM_Travel_time SUM_Travel_time SUM_Travel_time DOUBLE 8 NULLABLE false</Process><Process ToolSource="c:\program files (x86)\arcgis\desktop10.4\ArcToolbox\Toolboxes\Data Management Tools.tbx\AddGeometryAttributes" Date="20160817" Time="081157">AddGeometryAttributes MOZ_roads_all_20160804_ln_06dSJsjED PART_COUNT # # #</Process><Process ToolSource="c:\program files (x86)\arcgis\desktop10.4\ArcToolbox\Toolboxes\Data Management Tools.tbx\AddGeometryAttributes" Date="20160817" Time="081541">AddGeometryAttributes MOZ_roads_all_20160804_ln_06dSJsjED PART_COUNT # # #</Process><Process ToolSource="c:\program files (x86)\arcgis\desktop10.4\ArcToolbox\Toolboxes\Data Management Tools.tbx\AddGeometryAttributes" Date="20160817" Time="101911">AddGeometryAttributes MOZ_roads_all_20160804_ln_06dSJsjED PART_COUNT # # #</Process><Process ToolSource="c:\program files (x86)\arcgis\desktop10.4\ArcToolbox\Toolboxes\Data Management Tools.tbx\AddGeometryAttributes" Date="20160817" Time="102443">AddGeometryAttributes MOZ_roads_all_20160804_ln_07dSJsjEDed LENGTH_GEODESIC KILOMETERS # GEOGCS['GCS_WGS_1984',DATUM['D_WGS_1984',SPHEROID['WGS_1984',6378137.0,298.257223563]],PRIMEM['Greenwich',0.0],UNIT['Degree',0.0174532925199433]]</Process><Process ToolSource="c:\program files (x86)\arcgis\desktop10.4\ArcToolbox\Toolboxes\Data Management Tools.tbx\CalculateField" Date="20160817" Time="102742">CalculateField MOZ_roads_all_20160804_ln_07dSJsjEDed SUM_RUC_km_total "[SUM_RUC_km_total] * ( [LENGTH_GEO] / [SUM_Length_km] )" VB #</Process><Process ToolSource="c:\program files (x86)\arcgis\desktop10.4\ArcToolbox\Toolboxes\Data Management Tools.tbx\CalculateField" Date="20160817" Time="102759">CalculateField MOZ_roads_all_20160804_ln_07dSJsjEDed SUM_Travel_time "[SUM_Travel_time] * ( [LENGTH_GEO] / [SUM_Length_km] )" VB #</Process><Process ToolSource="c:\program files (x86)\arcgis\desktop10.4\ArcToolbox\Toolboxes\Data Management Tools.tbx\CalculateField" Date="20160817" Time="102812">CalculateField MOZ_roads_all_20160804_ln_07dSJsjEDed SUM_Length_km [LENGTH_GEO] VB #</Process><Process ToolSource="c:\program files (x86)\arcgis\desktop10.4\ArcToolbox\Toolboxes\Data Management Tools.tbx\AddGeometryAttributes" Date="20160817" Time="102910">AddGeometryAttributes MOZ_roads_all_20160804_ln_07dSJsjEDed PART_COUNT KILOMETERS # GEOGCS['GCS_WGS_1984',DATUM['D_WGS_1984',SPHEROID['WGS_1984',6378137.0,298.257223563]],PRIMEM['Greenwich',0.0],UNIT['Degree',0.0174532925199433]]</Process><Process ToolSource="c:\program files (x86)\arcgis\desktop10.4\ArcToolbox\Toolboxes\Data Management Tools.tbx\AddGeometryAttributes" Date="20160817" Time="113315">AddGeometryAttributes MOZ_roads_all_20160804_ln_07dSJsjEDed LENGTH_GEODESIC KILOMETERS # GEOGCS['GCS_WGS_1984',DATUM['D_WGS_1984',SPHEROID['WGS_1984',6378137.0,298.257223563]],PRIMEM['Greenwich',0.0],UNIT['Degree',0.0174532925199433]]</Process><Process ToolSource="c:\program files (x86)\arcgis\desktop10.4\ArcToolbox\Toolboxes\Data Management Tools.tbx\CalculateField" Date="20160817" Time="113644">CalculateField MOZ_roads_all_20160804_ln_07dSJsjEDed SUM_RUC_km_total "[SUM_RUC_km_total] * ( [LENGTH_GEO] / [SUM_Length_km] )" VB #</Process><Process ToolSource="c:\program files (x86)\arcgis\desktop10.4\ArcToolbox\Toolboxes\Data Management Tools.tbx\CalculateField" Date="20160817" Time="113702">CalculateField MOZ_roads_all_20160804_ln_07dSJsjEDed SUM_Travel_time "[SUM_Travel_time] * ( [LENGTH_GEO] / [SUM_Length_km] )" VB #</Process><Process ToolSource="c:\program files (x86)\arcgis\desktop10.4\ArcToolbox\Toolboxes\Data Management Tools.tbx\CalculateField" Date="20160817" Time="113711">CalculateField MOZ_roads_all_20160804_ln_07dSJsjEDed SUM_Length_km [LENGTH_GEO] VB #</Process><Process ToolSource="c:\program files (x86)\arcgis\desktop10.4\ArcToolbox\Toolboxes\Data Management Tools.tbx\CalculateField" Date="20160817" Time="153653">CalculateField RUC_per_mile_correction\Final_lines_in_feature_dataset\MOZ_roads_all_20160804_ln_08dSJsjEDedTR_02 Road_index [OBJECTID] VB #</Process><Process ToolSource="c:\program files (x86)\arcgis\desktop10.4\ArcToolbox\Toolboxes\Data Management Tools.tbx\CalculateField" Date="20160922" Time="143624">CalculateField Improvement_scenarios\Disrupt_roads_in_study_area\Roads_in_road_network\MOZ_roads_all_20160804_ln_08dSJsjEDedTR_02 SUM_RUC_km_total_ORIG [SUM_RUC_km_total] VB #</Process><Process ToolSource="c:\program files (x86)\arcgis\desktop10.4\ArcToolbox\Toolboxes\Data Management Tools.tbx\CalculateField" Date="20160922" Time="143636">CalculateField Improvement_scenarios\Disrupt_roads_in_study_area\Roads_in_road_network\MOZ_roads_all_20160804_ln_08dSJsjEDedTR_02 MIN_Avg_speed_ORIG [MIN_Avg_speed] VB #</Process><Process ToolSource="c:\program files (x86)\arcgis\desktop10.4\ArcToolbox\Toolboxes\Data Management Tools.tbx\CalculateField" Date="20160922" Time="143648">CalculateField Improvement_scenarios\Disrupt_roads_in_study_area\Roads_in_road_network\MOZ_roads_all_20160804_ln_08dSJsjEDedTR_02 SUM_Travel_time_ORIG [SUM_Travel_time] VB #</Process><Process ToolSource="c:\program files (x86)\arcgis\desktop10.4\ArcToolbox\Toolboxes\Data Management Tools.tbx\CalculateField" Date="20160923" Time="102241">CalculateField Improvement_scenarios\Disrupt_roads_in_study_area\Roads_in_road_network\MOZ_roads_all_20160804_ln_08dSJsjEDedTR_02 SUM_RUC_km_total_IMPR [SUM_RUC_km_total]/2 VB #</Process><Process ToolSource="c:\program files (x86)\arcgis\desktop10.4\ArcToolbox\Toolboxes\Data Management Tools.tbx\CalculateField" Date="20160923" Time="102253">CalculateField Improvement_scenarios\Disrupt_roads_in_study_area\Roads_in_road_network\MOZ_roads_all_20160804_ln_08dSJsjEDedTR_02 MIN_Avg_speed_IMPR "[MIN_Avg_speed] * 2" VB #</Process><Process ToolSource="c:\program files (x86)\arcgis\desktop10.4\ArcToolbox\Toolboxes\Data Management Tools.tbx\CalculateField" Date="20160923" Time="102305">CalculateField Improvement_scenarios\Disrupt_roads_in_study_area\Roads_in_road_network\MOZ_roads_all_20160804_ln_08dSJsjEDedTR_02 SUM_Travel_time_IMPR "[SUM_Travel_time] / 2" VB #</Process><Process Name="Restore original RUC value (Calculate Field)" ToolSource="c:\program files (x86)\arcgis\desktop10.4\ArcToolbox\Toolboxes\Data Management Tools.tbx\CalculateField" Date="20160923" Time="102334">CalculateField Improvement_scenarios\Disrupt_roads_in_study_area\Roads_in_road_network\MOZ_roads_all_20160804_ln_08dSJsjEDedTR_02 SUM_RUC_km_total [SUM_RUC_km_total_ORIG] VB #</Process><Process Name="Restore original speed value (Calculate Field)" ToolSource="c:\program files (x86)\arcgis\desktop10.4\ArcToolbox\Toolboxes\Data Management Tools.tbx\CalculateField" Date="20160923" Time="102341">CalculateField Improvement_scenarios\Disrupt_roads_in_study_area\Roads_in_road_network\MOZ_roads_all_20160804_ln_08dSJsjEDedTR_02 MIN_Avg_speed [MIN_Avg_speed_ORIG] VB #</Process><Process Name="Restore original time value (Calculate Field)" ToolSource="c:\program files (x86)\arcgis\desktop10.4\ArcToolbox\Toolboxes\Data Management Tools.tbx\CalculateField" Date="20160923" Time="102348">CalculateField Improvement_scenarios\Disrupt_roads_in_study_area\Roads_in_road_network\MOZ_roads_all_20160804_ln_08dSJsjEDedTR_02 SUM_Travel_time [SUM_Travel_time_ORIG] VB #</Process><Process Name="Improve RUC value (Calculate Field)" ToolSource="c:\program files (x86)\arcgis\desktop10.4\ArcToolbox\Toolboxes\Data Management Tools.tbx\CalculateField" Date="20160923" Time="102350">CalculateField Improvement_scenarios\Disrupt_roads_in_study_area\Roads_in_road_network\MOZ_roads_all_20160804_ln_08dSJsjEDedTR_02 SUM_RUC_km_total [SUM_RUC_km_total_IMPR] VB #</Process><Process Name="Improve speed value (Calculate Field)" ToolSource="c:\program files (x86)\arcgis\desktop10.4\ArcToolbox\Toolboxes\Data Management Tools.tbx\CalculateField" Date="20160923" Time="102351">CalculateField Improvement_scenarios\Disrupt_roads_in_study_area\Roads_in_road_network\MOZ_roads_all_20160804_ln_08dSJsjEDedTR_02 MIN_Avg_speed [MIN_Avg_speed_IMPR] VB #</Process><Process Name="Improve time value (Calculate Field)" ToolSource="c:\program files (x86)\arcgis\desktop10.4\ArcToolbox\Toolboxes\Data Management Tools.tbx\CalculateField" Date="20160923" Time="102352">CalculateField Improvement_scenarios\Disrupt_roads_in_study_area\Roads_in_road_network\MOZ_roads_all_20160804_ln_08dSJsjEDedTR_02 SUM_Travel_time [SUM_Travel_time_IMPR] VB #</Process><Process ToolSource="c:\program files (x86)\arcgis\desktop10.4\ArcToolbox\Toolboxes\Data Management Tools.tbx\CalculateField" Date="20160923" Time="131235">CalculateField Improvement_scenarios\Disrupt_roads_in_study_area\Roads_in_road_network\MOZ_roads_all_20160804_ln_08dSJsjEDedTR_02 SUM_RUC_km_total [SUM_RUC_km_total_ORIG] VB #</Process><Process ToolSource="c:\program files (x86)\arcgis\desktop10.4\ArcToolbox\Toolboxes\Data Management Tools.tbx\CalculateField" Date="20160923" Time="131259">CalculateField Improvement_scenarios\Disrupt_roads_in_study_area\Roads_in_road_network\MOZ_roads_all_20160804_ln_08dSJsjEDedTR_02 MIN_Avg_speed [MIN_Avg_speed_ORIG] VB #</Process><Process ToolSource="c:\program files (x86)\arcgis\desktop10.4\ArcToolbox\Toolboxes\Data Management Tools.tbx\CalculateField" Date="20160923" Time="131329">CalculateField Improvement_scenarios\Disrupt_roads_in_study_area\Roads_in_road_network\MOZ_roads_all_20160804_ln_08dSJsjEDedTR_02 SUM_Travel_time [SUM_Travel_time_ORIG] VB #</Process><Process ToolSource="c:\program files (x86)\arcgis\desktop10.4\ArcToolbox\Toolboxes\Data Management Tools.tbx\CalculateField" Date="20160923" Time="135136">CalculateField Improvement_scenarios\Disrupt_roads_in_study_area\Roads_in_road_network\MOZ_roads_all_20160804_ln_08dSJsjEDedTR_02 RUC_current "[SUM_RUC_km_total] / [SUM_Length_km]" VB #</Process><Process ToolSource="c:\program files (x86)\arcgis\desktop10.4\ArcToolbox\Toolboxes\Data Management Tools.tbx\CalculateField" Date="20160923" Time="135226">CalculateField Improvement_scenarios\Disrupt_roads_in_study_area\Roads_in_road_network\MOZ_roads_all_20160804_ln_08dSJsjEDedTR_02 RUC_impr .33 VB #</Process><Process ToolSource="c:\program files (x86)\arcgis\desktop10.4\ArcToolbox\Toolboxes\Data Management Tools.tbx\CalculateField" Date="20160923" Time="135317">CalculateField Improvement_scenarios\Disrupt_roads_in_study_area\Roads_in_road_network\MOZ_roads_all_20160804_ln_08dSJsjEDedTR_02 RUC_impr .25 VB #</Process><Process ToolSource="c:\program files (x86)\arcgis\desktop10.4\ArcToolbox\Toolboxes\Data Management Tools.tbx\CalculateField" Date="20160923" Time="135343">CalculateField Improvement_scenarios\Disrupt_roads_in_study_area\Roads_in_road_network\MOZ_roads_all_20160804_ln_08dSJsjEDedTR_02 RUC_impr .21 VB #</Process><Process ToolSource="c:\program files (x86)\arcgis\desktop10.4\ArcToolbox\Toolboxes\Data Management Tools.tbx\CalculateField" Date="20160923" Time="135358">CalculateField Improvement_scenarios\Disrupt_roads_in_study_area\Roads_in_road_network\MOZ_roads_all_20160804_ln_08dSJsjEDedTR_02 MIN_Avg_speed_IMPR 105 VB #</Process><Process ToolSource="c:\program files (x86)\arcgis\desktop10.4\ArcToolbox\Toolboxes\Data Management Tools.tbx\CalculateField" Date="20160923" Time="135542">CalculateField Improvement_scenarios\Disrupt_roads_in_study_area\Roads_in_road_network\MOZ_roads_all_20160804_ln_08dSJsjEDedTR_02 MIN_Avg_speed_IMPR 57 VB #</Process><Process ToolSource="c:\program files (x86)\arcgis\desktop10.4\ArcToolbox\Toolboxes\Data Management Tools.tbx\CalculateField" Date="20160923" Time="135617">CalculateField Improvement_scenarios\Disrupt_roads_in_study_area\Roads_in_road_network\MOZ_roads_all_20160804_ln_08dSJsjEDedTR_02 MIN_Avg_speed_IMPR 91 VB #</Process><Process ToolSource="c:\program files (x86)\arcgis\desktop10.4\ArcToolbox\Toolboxes\Data Management Tools.tbx\CalculateField" Date="20160923" Time="135747">CalculateField Improvement_scenarios\Disrupt_roads_in_study_area\Roads_in_road_network\MOZ_roads_all_20160804_ln_08dSJsjEDedTR_02 SUM_Travel_time_IMPR "[MIN_Avg_speed_IMPR] * [SUM_Length_km]" VB #</Process><Process ToolSource="c:\program files (x86)\arcgis\desktop10.4\ArcToolbox\Toolboxes\Data Management Tools.tbx\CalculateField" Date="20160923" Time="135811">CalculateField Improvement_scenarios\Disrupt_roads_in_study_area\Roads_in_road_network\MOZ_roads_all_20160804_ln_08dSJsjEDedTR_02 SUM_Travel_time_IMPR ([MIN_Avg_speed_IMPR] * [SUM_Length_km])/60 VB #</Process><Process ToolSource="c:\program files (x86)\arcgis\desktop10.4\ArcToolbox\Toolboxes\Data Management Tools.tbx\CalculateField" Date="20160923" Time="135900">CalculateField Improvement_scenarios\Disrupt_roads_in_study_area\Roads_in_road_network\MOZ_roads_all_20160804_ln_08dSJsjEDedTR_02 SUM_Travel_time_IMPR [SUM_Length_km]/[MIN_Avg_speed_IMPR] VB #</Process><Process ToolSource="c:\program files (x86)\arcgis\desktop10.4\ArcToolbox\Toolboxes\Data Management Tools.tbx\CalculateField" Date="20160923" Time="140106">CalculateField Improvement_scenarios\Disrupt_roads_in_study_area\Roads_in_road_network\MOZ_roads_all_20160804_ln_08dSJsjEDedTR_02 SUM_Travel_time_IMPR "([MIN_Avg_speed_ORIG]/ [MIN_Avg_speed_IMPR]) * [SUM_Travel_time_ORIG]" VB #</Process><Process ToolSource="c:\program files (x86)\arcgis\desktop10.4\ArcToolbox\Toolboxes\Data Management Tools.tbx\CalculateField" Date="20160923" Time="140158">CalculateField Improvement_scenarios\Disrupt_roads_in_study_area\Roads_in_road_network\MOZ_roads_all_20160804_ln_08dSJsjEDedTR_02 SUM_RUC_km_total_IMPR "[SUM_Length_km] * [RUC_impr]" VB #</Process><Process Name="Restore original RUC value (Calculate Field)" ToolSource="c:\program files (x86)\arcgis\desktop10.4\ArcToolbox\Toolboxes\Data Management Tools.tbx\CalculateField" Date="20160928" Time="183007">CalculateField Improvement_scenarios\Disrupt_roads_in_study_area\Roads_in_road_network\MOZ_roads_all_20160804_ln_08dSJsjEDedTR_02 SUM_RUC_km_total [SUM_RUC_km_total_ORIG] VB #</Process><Process Name="Restore original speed value (Calculate Field)" ToolSource="c:\program files (x86)\arcgis\desktop10.4\ArcToolbox\Toolboxes\Data Management Tools.tbx\CalculateField" Date="20160928" Time="183011">CalculateField Improvement_scenarios\Disrupt_roads_in_study_area\Roads_in_road_network\MOZ_roads_all_20160804_ln_08dSJsjEDedTR_02 MIN_Avg_speed [MIN_Avg_speed_ORIG] VB #</Process><Process Name="Restore original RUC value (Calculate Field)" ToolSource="c:\program files (x86)\arcgis\desktop10.4\ArcToolbox\Toolboxes\Data Management Tools.tbx\CalculateField" Date="20160929" Time="072336">CalculateField Improvement_scenarios\Disrupt_roads_in_study_area\Roads_in_road_network\MOZ_roads_all_20160804_ln_08dSJsjEDedTR_02 SUM_RUC_km_total [SUM_RUC_km_total_ORIG] VB #</Process><Process Name="Restore original speed value (Calculate Field)" ToolSource="c:\program files (x86)\arcgis\desktop10.4\ArcToolbox\Toolboxes\Data Management Tools.tbx\CalculateField" Date="20160929" Time="072343">CalculateField Improvement_scenarios\Disrupt_roads_in_study_area\Roads_in_road_network\MOZ_roads_all_20160804_ln_08dSJsjEDedTR_02 MIN_Avg_speed [MIN_Avg_speed_ORIG] VB #</Process><Process Name="Restore original time value (Calculate Field)" ToolSource="c:\program files (x86)\arcgis\desktop10.4\ArcToolbox\Toolboxes\Data Management Tools.tbx\CalculateField" Date="20160929" Time="072351">CalculateField Improvement_scenarios\Disrupt_roads_in_study_area\Roads_in_road_network\MOZ_roads_all_20160804_ln_08dSJsjEDedTR_02 SUM_Travel_time [SUM_Travel_time_ORIG] VB #</Process><Process Name="Restore original RUC value (Calculate Field)" ToolSource="c:\program files (x86)\arcgis\desktop10.4\ArcToolbox\Toolboxes\Data Management Tools.tbx\CalculateField" Date="20161021" Time="152659">CalculateField Improvement_scenarios\Disrupt_roads_in_study_area\Roads_in_road_network\MOZ_roads_all_20160804_ln_08dSJsjEDedTR_02 SUM_RUC_km_total [SUM_RUC_km_total_ORIG] VB #</Process><Process Name="Restore original speed value (Calculate Field)" ToolSource="c:\program files (x86)\arcgis\desktop10.4\ArcToolbox\Toolboxes\Data Management Tools.tbx\CalculateField" Date="20161021" Time="152705">CalculateField Improvement_scenarios\Disrupt_roads_in_study_area\Roads_in_road_network\MOZ_roads_all_20160804_ln_08dSJsjEDedTR_02 MIN_Avg_speed [MIN_Avg_speed_ORIG] VB #</Process><Process Name="Restore original time value (Calculate Field)" ToolSource="c:\program files (x86)\arcgis\desktop10.4\ArcToolbox\Toolboxes\Data Management Tools.tbx\CalculateField" Date="20161021" Time="152711">CalculateField Improvement_scenarios\Disrupt_roads_in_study_area\Roads_in_road_network\MOZ_roads_all_20160804_ln_08dSJsjEDedTR_02 SUM_Travel_time [SUM_Travel_time_ORIG] VB #</Process><Process Name="Restore original RUC value (Calculate Field)" ToolSource="c:\program files (x86)\arcgis\desktop10.4\ArcToolbox\Toolboxes\Data Management Tools.tbx\CalculateField" Date="20161129" Time="091328">CalculateField Improvement_scenarios\Disrupt_roads_in_study_area\Roads_in_road_network\MOZ_roads_all_20160804_ln_08dSJsjEDedTR_02 SUM_RUC_km_total [SUM_RUC_km_total_ORIG] VB #</Process><Process Name="Restore original RUC value (Calculate Field)" ToolSource="c:\program files (x86)\arcgis\desktop10.4\ArcToolbox\Toolboxes\Data Management Tools.tbx\CalculateField" Date="20161129" Time="091345">CalculateField Improvement_scenarios\Disrupt_roads_in_study_area\Roads_in_road_network\MOZ_roads_all_20160804_ln_08dSJsjEDedTR_02 SUM_RUC_km_total [SUM_RUC_km_total_ORIG] VB #</Process><Process Name="Restore original speed value (Calculate Field)" ToolSource="c:\program files (x86)\arcgis\desktop10.4\ArcToolbox\Toolboxes\Data Management Tools.tbx\CalculateField" Date="20161129" Time="091351">CalculateField Improvement_scenarios\Disrupt_roads_in_study_area\Roads_in_road_network\MOZ_roads_all_20160804_ln_08dSJsjEDedTR_02 MIN_Avg_speed [MIN_Avg_speed_ORIG] VB #</Process><Process Name="Restore original time value (Calculate Field)" ToolSource="c:\program files (x86)\arcgis\desktop10.4\ArcToolbox\Toolboxes\Data Management Tools.tbx\CalculateField" Date="20161129" Time="091358">CalculateField Improvement_scenarios\Disrupt_roads_in_study_area\Roads_in_road_network\MOZ_roads_all_20160804_ln_08dSJsjEDedTR_02 SUM_Travel_time [SUM_Travel_time_ORIG] VB #</Process><Process ToolSource="c:\program files (x86)\arcgis\desktop10.4\ArcToolbox\Toolboxes\Data Management Tools.tbx\CalculateField" Date="20161211" Time="201843">CalculateField Improvement_scenarios\Disrupt_roads_in_study_area\Roads_in_road_network\MOZ_roads_all_20160804_ln_08dSJsjEDedTR_02 Improvement_scenarios_v2 0 VB #</Process><Process ToolSource="c:\program files (x86)\arcgis\desktop10.4\ArcToolbox\Toolboxes\Data Management Tools.tbx\CalculateField" Date="20161211" Time="202132">CalculateField Improvement_scenarios\Disrupt_roads_in_study_area\Roads_in_road_network\MOZ_roads_all_20160804_ln_08dSJsjEDedTR_02 SUM_RUC_km_total ".15* [SUM_Length_km]" VB #</Process><Process ToolSource="c:\program files (x86)\arcgis\desktop10.4\ArcToolbox\Toolboxes\Data Management Tools.tbx\CalculateField" Date="20161212" Time="001702">CalculateField MOZ_roads_all_20160804_ln_08dSJsjEDedTR_02 SUM_RUC_km_total "[SUM_RUC_km_total_ORIG] * .75" VB #</Process><Process ToolSource="c:\program files (x86)\arcgis\desktop10.4\ArcToolbox\Toolboxes\Data Management Tools.tbx\CalculateField" Date="20161213" Time="140715">CalculateField MOZ_roads_all_20160804_ln_08dSJsjEDedTR_02 SUM_RUC_km_total ".75 * [SUM_RUC_km_total_ORIG]" VB #</Process><Process ToolSource="c:\program files (x86)\arcgis\desktop10.4\ArcToolbox\Toolboxes\Data Management Tools.tbx\CalculateField" Date="20161213" Time="140802">CalculateField MOZ_roads_all_20160804_ln_08dSJsjEDedTR_02 SUM_RUC_km_total 0 VB #</Process><Process ToolSource="c:\program files (x86)\arcgis\desktop10.4\ArcToolbox\Toolboxes\Data Management Tools.tbx\CalculateField" Date="20161213" Time="140811">CalculateField MOZ_roads_all_20160804_ln_08dSJsjEDedTR_02 SUM_RUC_km_total ".75 * [SUM_RUC_km_total_ORIG]" VB #</Process><Process ToolSource="c:\program files (x86)\arcgis\desktop10.4\ArcToolbox\Toolboxes\Data Management Tools.tbx\CalculateField" Date="20161213" Time="144457">CalculateField MOZ_roads_all_20160804_ln_08dSJsjEDedTR_02 SUM_RUC_km_total ".9 * [SUM_RUC_km_total_ORIG]" VB #</Process><Process Name="Restore original RUC value (Calculate Field)" ToolSource="c:\program files (x86)\arcgis\desktop10.4\ArcToolbox\Toolboxes\Data Management Tools.tbx\CalculateField" Date="20161214" Time="120959">CalculateField Improvement_scenarios\Disrupt_roads_in_study_area\Roads_in_road_network\MOZ_roads_all_20160804_ln_08dSJsjEDedTR_02 SUM_RUC_km_total [SUM_RUC_km_total_ORIG] VB #</Process><Process Name="Restore original speed value (Calculate Field)" ToolSource="c:\program files (x86)\arcgis\desktop10.4\ArcToolbox\Toolboxes\Data Management Tools.tbx\CalculateField" Date="20161214" Time="121007">CalculateField Improvement_scenarios\Disrupt_roads_in_study_area\Roads_in_road_network\MOZ_roads_all_20160804_ln_08dSJsjEDedTR_02 MIN_Avg_speed [MIN_Avg_speed_ORIG] VB #</Process><Process Name="Restore original time value (Calculate Field)" ToolSource="c:\program files (x86)\arcgis\desktop10.4\ArcToolbox\Toolboxes\Data Management Tools.tbx\CalculateField" Date="20161214" Time="121017">CalculateField Improvement_scenarios\Disrupt_roads_in_study_area\Roads_in_road_network\MOZ_roads_all_20160804_ln_08dSJsjEDedTR_02 SUM_Travel_time [SUM_Travel_time_ORIG] VB #</Process><Process ToolSource="c:\program files (x86)\arcgis\desktop10.4\ArcToolbox\Toolboxes\Data Management Tools.tbx\CalculateField" Date="20170116" Time="223325">CalculateField Flooding\Determining_which_roads_flood\Workflow\MOZ_roads_all_20160804_ln_08dSJsjEDedTR_02 SUM_RUC_km_total "[SUM_RUC_km_total_ORIG] * .9" VB #</Process><Process ToolSource="c:\program files (x86)\arcgis\desktop10.4\ArcToolbox\Toolboxes\Data Management Tools.tbx\CalculateField" Date="20170116" Time="223408">CalculateField Flooding\Determining_which_roads_flood\Workflow\MOZ_roads_all_20160804_ln_08dSJsjEDedTR_02 SUM_RUC_km_total ".15 * [SUM_RUC_km_total]" VB #</Process><Process ToolSource="c:\program files (x86)\arcgis\desktop10.4\ArcToolbox\Toolboxes\Data Management Tools.tbx\CalculateField" Date="20170117" Time="092821">CalculateField Improvement_scenarios\Disrupt_roads_in_study_area\Roads_in_road_network\MOZ_roads_all_20160804_ln_08dSJsjEDedTR_02 SUM_RUC_km_total ".15* [SUM_Length_km]" VB #</Process><Process ToolSource="c:\program files (x86)\arcgis\desktop10.4\ArcToolbox\Toolboxes\Data Management Tools.tbx\CalculateField" Date="20170117" Time="092907">CalculateField Improvement_scenarios\Disrupt_roads_in_study_area\Roads_in_road_network\MOZ_roads_all_20160804_ln_08dSJsjEDedTR_02 SUM_RUC_km_total ".9 * [SUM_RUC_km_total_ORIG]" VB #</Process><Process ToolSource="c:\program files (x86)\arcgis\desktop10.4\ArcToolbox\Toolboxes\Data Management Tools.tbx\CalculateField" Date="20170117" Time="101703">CalculateField Improvement_scenarios\Disrupt_roads_in_study_area\Roads_in_road_network\MOZ_roads_all_20160804_ln_08dSJsjEDedTR_02 IS_20170113 1 VB #</Process><Process ToolSource="c:\program files (x86)\arcgis\desktop10.4\ArcToolbox\Toolboxes\Data Management Tools.tbx\CalculateField" Date="20170117" Time="101750">CalculateField Improvement_scenarios\Disrupt_roads_in_study_area\Roads_in_road_network\MOZ_roads_all_20160804_ln_08dSJsjEDedTR_02 SUM_RUC_km_total ".15* [SUM_Length_km]" VB #</Process><Process ToolSource="c:\program files (x86)\arcgis\desktop10.4\ArcToolbox\Toolboxes\Data Management Tools.tbx\CalculateField" Date="20170117" Time="101821">CalculateField Improvement_scenarios\Disrupt_roads_in_study_area\Roads_in_road_network\MOZ_roads_all_20160804_ln_08dSJsjEDedTR_02 SUM_RUC_km_total ".9 * [SUM_RUC_km_total_ORIG]" VB #</Process><Process ToolSource="c:\program files (x86)\arcgis\desktop10.4\ArcToolbox\Toolboxes\Data Management Tools.tbx\CalculateField" Date="20170117" Time="110027">CalculateField Improvement_scenarios\Disrupt_roads_in_study_area\Roads_in_road_network\MOZ_roads_all_20160804_ln_08dSJsjEDedTR_02 SUM_RUC_km_total ".9* [SUM_RUC_km_total_ORIG]" VB #</Process><Process ToolSource="c:\program files (x86)\arcgis\desktop10.4\ArcToolbox\Toolboxes\Data Management Tools.tbx\CalculateField" Date="20170117" Time="111145">CalculateField Improvement_scenarios\Disrupt_roads_in_study_area\Roads_in_road_network\MOZ_roads_all_20160804_ln_08dSJsjEDedTR_02 SUM_RUC_km_total ".75 * [SUM_RUC_km_total_ORIG]" VB #</Process><Process ToolSource="c:\program files (x86)\arcgis\desktop10.4\ArcToolbox\Toolboxes\Data Management Tools.tbx\CalculateField" Date="20170117" Time="113024">CalculateField Improvement_scenarios\Disrupt_roads_in_study_area\Roads_in_road_network\MOZ_roads_all_20160804_ln_08dSJsjEDedTR_02 SUM_RUC_km_total ".75* [SUM_RUC_km_total_ORIG]" VB #</Process><Process ToolSource="c:\program files (x86)\arcgis\desktop10.4\ArcToolbox\Toolboxes\Data Management Tools.tbx\CalculateField" Date="20170117" Time="113048">CalculateField Improvement_scenarios\Disrupt_roads_in_study_area\Roads_in_road_network\MOZ_roads_all_20160804_ln_08dSJsjEDedTR_02 SUM_RUC_km_total ".9* [SUM_RUC_km_total_ORIG]" VB #</Process><Process ToolSource="c:\program files (x86)\arcgis\desktop10.4\ArcToolbox\Toolboxes\Data Management Tools.tbx\CalculateField" Date="20170120" Time="113121">CalculateField MOZ_roads_all_20160804_ln_08dSJsjEDedTR_02 SUM_RUC_km_total_ORIG "[SUM_RUC_km_total_ORIG] * ( [LENGTH_GEO]/ [SUM_Length_km])" VB #</Process><Process ToolSource="c:\program files (x86)\arcgis\desktop10.4\ArcToolbox\Toolboxes\Data Management Tools.tbx\CalculateField" Date="20170120" Time="113503">CalculateField MOZ_roads_all_20160804_ln_08dSJsjEDedTR_02 SUM_Length_km [LENGTH_GEO] VB #</Process><Process ToolSource="c:\program files (x86)\arcgis\desktop10.4\ArcToolbox\Toolboxes\Data Management Tools.tbx\CalculateField" Date="20170120" Time="113522">CalculateField MOZ_roads_all_20160804_ln_08dSJsjEDedTR_02 SUM_Travel_time "[SUM_Length_km]/ [MIN_Avg_speed]" VB #</Process><Process ToolSource="c:\program files (x86)\arcgis\desktop10.4\ArcToolbox\Toolboxes\Data Management Tools.tbx\CalculateField" Date="20170120" Time="113549">CalculateField MOZ_roads_all_20160804_ln_08dSJsjEDedTR_02 SUM_Travel_time_ORIG [SUM_Travel_time] VB #</Process><Process ToolSource="c:\program files (x86)\arcgis\desktop10.5\ArcToolbox\Toolboxes\Data Management Tools.tbx\AddField" Date="20171117" Time="122200">AddField Road_all_floods WD_l1000 DOUBLE 10 5 # # NULLABLE NON_REQUIRED #</Process><Process ToolSource="c:\program files (x86)\arcgis\desktop10.5\ArcToolbox\Toolboxes\Data Management Tools.tbx\AddField" Date="20171117" Time="122202">AddField Road_all_floods WL_l1000 DOUBLE 10 5 # # NULLABLE NON_REQUIRED #</Process><Process ToolSource="c:\program files (x86)\arcgis\desktop10.5\ArcToolbox\Toolboxes\Data Management Tools.tbx\AddField" Date="20171117" Time="141340">AddField Road_all_floods WD_C1000 DOUBLE 10 5 # # NULLABLE NON_REQUIRED #</Process><Process ToolSource="c:\program files (x86)\arcgis\desktop10.5\ArcToolbox\Toolboxes\Data Management Tools.tbx\AddField" Date="20171117" Time="141342">AddField Road_all_floods WL_C1000 DOUBLE 10 5 # # NULLABLE NON_REQUIRED #</Process><Process ToolSource="c:\program files (x86)\arcgis\desktop10.5\ArcToolbox\Toolboxes\Data Management Tools.tbx\AddField" Date="20171117" Time="141538">AddField Road_all_floods WD_C100 DOUBLE 10 5 # # NULLABLE NON_REQUIRED #</Process><Process ToolSource="c:\program files (x86)\arcgis\desktop10.5\ArcToolbox\Toolboxes\Data Management Tools.tbx\AddField" Date="20171117" Time="141540">AddField Road_all_floods WL_C100 DOUBLE 10 5 # # NULLABLE NON_REQUIRED #</Process><Process ToolSource="c:\program files (x86)\arcgis\desktop10.5\ArcToolbox\Toolboxes\Data Management Tools.tbx\AddField" Date="20171117" Time="141732">AddField Road_all_floods WD_C10 DOUBLE 10 5 # # NULLABLE NON_REQUIRED #</Process><Process ToolSource="c:\program files (x86)\arcgis\desktop10.5\ArcToolbox\Toolboxes\Data Management Tools.tbx\AddField" Date="20171117" Time="141734">AddField Road_all_floods WL_C10 DOUBLE 10 5 # # NULLABLE NON_REQUIRED #</Process><Process ToolSource="c:\program files (x86)\arcgis\desktop10.5\ArcToolbox\Toolboxes\Data Management Tools.tbx\AddField" Date="20171117" Time="141929">AddField Road_all_floods WD_C200 DOUBLE 10 5 # # NULLABLE NON_REQUIRED #</Process><Process ToolSource="c:\program files (x86)\arcgis\desktop10.5\ArcToolbox\Toolboxes\Data Management Tools.tbx\AddField" Date="20171117" Time="141931">AddField Road_all_floods WL_C200 DOUBLE 10 5 # # NULLABLE NON_REQUIRED #</Process><Process ToolSource="c:\program files (x86)\arcgis\desktop10.5\ArcToolbox\Toolboxes\Data Management Tools.tbx\AddField" Date="20171117" Time="142124">AddField Road_all_floods WD_C20 DOUBLE 10 5 # # NULLABLE NON_REQUIRED #</Process><Process ToolSource="c:\program files (x86)\arcgis\desktop10.5\ArcToolbox\Toolboxes\Data Management Tools.tbx\AddField" Date="20171117" Time="142126">AddField Road_all_floods WL_C20 DOUBLE 10 5 # # NULLABLE NON_REQUIRED #</Process><Process ToolSource="c:\program files (x86)\arcgis\desktop10.5\ArcToolbox\Toolboxes\Data Management Tools.tbx\AddField" Date="20171117" Time="142321">AddField Road_all_floods WD_C250 DOUBLE 10 5 # # NULLABLE NON_REQUIRED #</Process><Process ToolSource="c:\program files (x86)\arcgis\desktop10.5\ArcToolbox\Toolboxes\Data Management Tools.tbx\AddField" Date="20171117" Time="142323">AddField Road_all_floods WL_C250 DOUBLE 10 5 # # NULLABLE NON_REQUIRED #</Process><Process ToolSource="c:\program files (x86)\arcgis\desktop10.5\ArcToolbox\Toolboxes\Data Management Tools.tbx\AddField" Date="20171117" Time="142518">AddField Road_all_floods WD_C500 DOUBLE 10 5 # # NULLABLE NON_REQUIRED #</Process><Process ToolSource="c:\program files (x86)\arcgis\desktop10.5\ArcToolbox\Toolboxes\Data Management Tools.tbx\AddField" Date="20171117" Time="142520">AddField Road_all_floods WL_C500 DOUBLE 10 5 # # NULLABLE NON_REQUIRED #</Process><Process ToolSource="c:\program files (x86)\arcgis\desktop10.5\ArcToolbox\Toolboxes\Data Management Tools.tbx\AddField" Date="20171117" Time="142715">AddField Road_all_floods WD_C50 DOUBLE 10 5 # # NULLABLE NON_REQUIRED #</Process><Process ToolSource="c:\program files (x86)\arcgis\desktop10.5\ArcToolbox\Toolboxes\Data Management Tools.tbx\AddField" Date="20171117" Time="142717">AddField Road_all_floods WL_C50 DOUBLE 10 5 # # NULLABLE NON_REQUIRED #</Process><Process ToolSource="c:\program files (x86)\arcgis\desktop10.5\ArcToolbox\Toolboxes\Data Management Tools.tbx\AddField" Date="20171117" Time="142913">AddField Road_all_floods WD_C5 DOUBLE 10 5 # # NULLABLE NON_REQUIRED #</Process><Process ToolSource="c:\program files (x86)\arcgis\desktop10.5\ArcToolbox\Toolboxes\Data Management Tools.tbx\AddField" Date="20171117" Time="142915">AddField Road_all_floods WL_C5 DOUBLE 10 5 # # NULLABLE NON_REQUIRED #</Process><Process ToolSource="c:\program files (x86)\arcgis\desktop10.5\ArcToolbox\Toolboxes\Data Management Tools.tbx\AddField" Date="20171117" Time="143107">AddField Road_all_floods WD_C75 DOUBLE 10 5 # # NULLABLE NON_REQUIRED #</Process><Process ToolSource="c:\program files (x86)\arcgis\desktop10.5\ArcToolbox\Toolboxes\Data Management Tools.tbx\AddField" Date="20171117" Time="143109">AddField Road_all_floods WL_C75 DOUBLE 10 5 # # NULLABLE NON_REQUIRED #</Process><Process ToolSource="c:\program files (x86)\arcgis\desktop10.5\ArcToolbox\Toolboxes\Data Management Tools.tbx\AddField" Date="20171117" Time="143304">AddField Road_all_floods WD_FH1000 DOUBLE 10 5 # # NULLABLE NON_REQUIRED #</Process><Process ToolSource="c:\program files (x86)\arcgis\desktop10.5\ArcToolbox\Toolboxes\Data Management Tools.tbx\AddField" Date="20171117" Time="143305">AddField Road_all_floods WL_FH1000 DOUBLE 10 5 # # NULLABLE NON_REQUIRED #</Process><Process ToolSource="c:\program files (x86)\arcgis\desktop10.5\ArcToolbox\Toolboxes\Data Management Tools.tbx\AddField" Date="20171117" Time="143510">AddField Road_all_floods WD_FH100 DOUBLE 10 5 # # NULLABLE NON_REQUIRED #</Process><Process ToolSource="c:\program files (x86)\arcgis\desktop10.5\ArcToolbox\Toolboxes\Data Management Tools.tbx\AddField" Date="20171117" Time="143512">AddField Road_all_floods WL_FH100 DOUBLE 10 5 # # NULLABLE NON_REQUIRED #</Process><Process ToolSource="c:\program files (x86)\arcgis\desktop10.5\ArcToolbox\Toolboxes\Data Management Tools.tbx\AddField" Date="20171117" Time="143714">AddField Road_all_floods WD_FH10 DOUBLE 10 5 # # NULLABLE NON_REQUIRED #</Process><Process ToolSource="c:\program files (x86)\arcgis\desktop10.5\ArcToolbox\Toolboxes\Data Management Tools.tbx\AddField" Date="20171117" Time="143716">AddField Road_all_floods WL_FH10 DOUBLE 10 5 # # NULLABLE NON_REQUIRED #</Process><Process ToolSource="c:\program files (x86)\arcgis\desktop10.5\ArcToolbox\Toolboxes\Data Management Tools.tbx\AddField" Date="20171117" Time="143913">AddField Road_all_floods WD_FH200 DOUBLE 10 5 # # NULLABLE NON_REQUIRED #</Process><Process ToolSource="c:\program files (x86)\arcgis\desktop10.5\ArcToolbox\Toolboxes\Data Management Tools.tbx\AddField" Date="20171117" Time="143915">AddField Road_all_floods WL_FH200 DOUBLE 10 5 # # NULLABLE NON_REQUIRED #</Process><Process ToolSource="c:\program files (x86)\arcgis\desktop10.5\ArcToolbox\Toolboxes\Data Management Tools.tbx\AddField" Date="20171117" Time="144113">AddField Road_all_floods WD_FH20 DOUBLE 10 5 # # NULLABLE NON_REQUIRED #</Process><Process ToolSource="c:\program files (x86)\arcgis\desktop10.5\ArcToolbox\Toolboxes\Data Management Tools.tbx\AddField" Date="20171117" Time="144115">AddField Road_all_floods WL_FH20 DOUBLE 10 5 # # NULLABLE NON_REQUIRED #</Process><Process ToolSource="c:\program files (x86)\arcgis\desktop10.5\ArcToolbox\Toolboxes\Data Management Tools.tbx\AddField" Date="20171117" Time="144315">AddField Road_all_floods WD_FH250 DOUBLE 10 5 # # NULLABLE NON_REQUIRED #</Process><Process ToolSource="c:\program files (x86)\arcgis\desktop10.5\ArcToolbox\Toolboxes\Data Management Tools.tbx\AddField" Date="20171117" Time="144317">AddField Road_all_floods WL_FH250 DOUBLE 10 5 # # NULLABLE NON_REQUIRED #</Process><Process ToolSource="c:\program files (x86)\arcgis\desktop10.5\ArcToolbox\Toolboxes\Data Management Tools.tbx\AddField" Date="20171117" Time="144511">AddField Road_all_floods WD_FH500 DOUBLE 10 5 # # NULLABLE NON_REQUIRED #</Process><Process ToolSource="c:\program files (x86)\arcgis\desktop10.5\ArcToolbox\Toolboxes\Data Management Tools.tbx\AddField" Date="20171117" Time="144512">AddField Road_all_floods WL_FH500 DOUBLE 10 5 # # NULLABLE NON_REQUIRED #</Process><Process ToolSource="c:\program files (x86)\arcgis\desktop10.5\ArcToolbox\Toolboxes\Data Management Tools.tbx\AddField" Date="20171117" Time="144703">AddField Road_all_floods WD_FH50 DOUBLE 10 5 # # NULLABLE NON_REQUIRED #</Process><Process ToolSource="c:\program files (x86)\arcgis\desktop10.5\ArcToolbox\Toolboxes\Data Management Tools.tbx\AddField" Date="20171117" Time="144705">AddField Road_all_floods WL_FH50 DOUBLE 10 5 # # NULLABLE NON_REQUIRED #</Process><Process ToolSource="c:\program files (x86)\arcgis\desktop10.5\ArcToolbox\Toolboxes\Data Management Tools.tbx\AddField" Date="20171117" Time="144857">AddField Road_all_floods WD_FH5 DOUBLE 10 5 # # NULLABLE NON_REQUIRED #</Process><Process ToolSource="c:\program files (x86)\arcgis\desktop10.5\ArcToolbox\Toolboxes\Data Management Tools.tbx\AddField" Date="20171117" Time="144859">AddField Road_all_floods WL_FH5 DOUBLE 10 5 # # NULLABLE NON_REQUIRED #</Process><Process ToolSource="c:\program files (x86)\arcgis\desktop10.5\ArcToolbox\Toolboxes\Data Management Tools.tbx\AddField" Date="20171117" Time="145052">AddField Road_all_floods WD_FH75 DOUBLE 10 5 # # NULLABLE NON_REQUIRED #</Process><Process ToolSource="c:\program files (x86)\arcgis\desktop10.5\ArcToolbox\Toolboxes\Data Management Tools.tbx\AddField" Date="20171117" Time="145053">AddField Road_all_floods WL_FH75 DOUBLE 10 5 # # NULLABLE NON_REQUIRED #</Process><Process ToolSource="c:\program files (x86)\arcgis\desktop10.5\ArcToolbox\Toolboxes\Data Management Tools.tbx\AddField" Date="20171117" Time="145247">AddField Road_all_floods WD_FL1000 DOUBLE 10 5 # # NULLABLE NON_REQUIRED #</Process><Process ToolSource="c:\program files (x86)\arcgis\desktop10.5\ArcToolbox\Toolboxes\Data Management Tools.tbx\AddField" Date="20171117" Time="145249">AddField Road_all_floods WL_FL1000 DOUBLE 10 5 # # NULLABLE NON_REQUIRED #</Process><Process ToolSource="c:\program files (x86)\arcgis\desktop10.5\ArcToolbox\Toolboxes\Data Management Tools.tbx\AddField" Date="20171117" Time="145449">AddField Road_all_floods WD_FL100 DOUBLE 10 5 # # NULLABLE NON_REQUIRED #</Process><Process ToolSource="c:\program files (x86)\arcgis\desktop10.5\ArcToolbox\Toolboxes\Data Management Tools.tbx\AddField" Date="20171117" Time="145451">AddField Road_all_floods WL_FL100 DOUBLE 10 5 # # NULLABLE NON_REQUIRED #</Process><Process ToolSource="c:\program files (x86)\arcgis\desktop10.5\ArcToolbox\Toolboxes\Data Management Tools.tbx\AddField" Date="20171117" Time="145646">AddField Road_all_floods WD_FL10 DOUBLE 10 5 # # NULLABLE NON_REQUIRED #</Process><Process ToolSource="c:\program files (x86)\arcgis\desktop10.5\ArcToolbox\Toolboxes\Data Management Tools.tbx\AddField" Date="20171117" Time="145648">AddField Road_all_floods WL_FL10 DOUBLE 10 5 # # NULLABLE NON_REQUIRED #</Process><Process ToolSource="c:\program files (x86)\arcgis\desktop10.5\ArcToolbox\Toolboxes\Data Management Tools.tbx\AddField" Date="20171117" Time="145844">AddField Road_all_floods WD_FL200 DOUBLE 10 5 # # NULLABLE NON_REQUIRED #</Process><Process ToolSource="c:\program files (x86)\arcgis\desktop10.5\ArcToolbox\Toolboxes\Data Management Tools.tbx\AddField" Date="20171117" Time="145846">AddField Road_all_floods WL_FL200 DOUBLE 10 5 # # NULLABLE NON_REQUIRED #</Process><Process ToolSource="c:\program files (x86)\arcgis\desktop10.5\ArcToolbox\Toolboxes\Data Management Tools.tbx\AddField" Date="20171117" Time="150038">AddField Road_all_floods WD_FL20 DOUBLE 10 5 # # NULLABLE NON_REQUIRED #</Process><Process ToolSource="c:\program files (x86)\arcgis\desktop10.5\ArcToolbox\Toolboxes\Data Management Tools.tbx\AddField" Date="20171117" Time="150040">AddField Road_all_floods WL_FL20 DOUBLE 10 5 # # NULLABLE NON_REQUIRED #</Process><Process ToolSource="c:\program files (x86)\arcgis\desktop10.5\ArcToolbox\Toolboxes\Data Management Tools.tbx\AddField" Date="20171117" Time="150235">AddField Road_all_floods WD_FL250 DOUBLE 10 5 # # NULLABLE NON_REQUIRED #</Process><Process ToolSource="c:\program files (x86)\arcgis\desktop10.5\ArcToolbox\Toolboxes\Data Management Tools.tbx\AddField" Date="20171117" Time="150236">AddField Road_all_floods WL_FL250 DOUBLE 10 5 # # NULLABLE NON_REQUIRED #</Process><Process ToolSource="c:\program files (x86)\arcgis\desktop10.5\ArcToolbox\Toolboxes\Data Management Tools.tbx\AddField" Date="20171117" Time="150428">AddField Road_all_floods WD_FL500 DOUBLE 10 5 # # NULLABLE NON_REQUIRED #</Process><Process ToolSource="c:\program files (x86)\arcgis\desktop10.5\ArcToolbox\Toolboxes\Data Management Tools.tbx\AddField" Date="20171117" Time="150430">AddField Road_all_floods WL_FL500 DOUBLE 10 5 # # NULLABLE NON_REQUIRED #</Process><Process ToolSource="c:\program files (x86)\arcgis\desktop10.5\ArcToolbox\Toolboxes\Data Management Tools.tbx\AddField" Date="20171117" Time="150619">AddField Road_all_floods WD_FL50 DOUBLE 10 5 # # NULLABLE NON_REQUIRED #</Process><Process ToolSource="c:\program files (x86)\arcgis\desktop10.5\ArcToolbox\Toolboxes\Data Management Tools.tbx\AddField" Date="20171117" Time="150621">AddField Road_all_floods WL_FL50 DOUBLE 10 5 # # NULLABLE NON_REQUIRED #</Process><Process ToolSource="c:\program files (x86)\arcgis\desktop10.5\ArcToolbox\Toolboxes\Data Management Tools.tbx\AddField" Date="20171117" Time="150817">AddField Road_all_floods WD_FL5 DOUBLE 10 5 # # NULLABLE NON_REQUIRED #</Process><Process ToolSource="c:\program files (x86)\arcgis\desktop10.5\ArcToolbox\Toolboxes\Data Management Tools.tbx\AddField" Date="20171117" Time="150819">AddField Road_all_floods WL_FL5 DOUBLE 10 5 # # NULLABLE NON_REQUIRED #</Process><Process ToolSource="c:\program files (x86)\arcgis\desktop10.5\ArcToolbox\Toolboxes\Data Management Tools.tbx\AddField" Date="20171117" Time="151014">AddField Road_all_floods WD_FL75 DOUBLE 10 5 # # NULLABLE NON_REQUIRED #</Process><Process ToolSource="c:\program files (x86)\arcgis\desktop10.5\ArcToolbox\Toolboxes\Data Management Tools.tbx\AddField" Date="20171117" Time="151017">AddField Road_all_floods WL_FL75 DOUBLE 10 5 # # NULLABLE NON_REQUIRED #</Process><Process ToolSource="c:\program files (x86)\arcgis\desktop10.5\ArcToolbox\Toolboxes\Data Management Tools.tbx\AddField" Date="20171117" Time="151224">AddField Road_all_floods WD_FM1000 DOUBLE 10 5 # # NULLABLE NON_REQUIRED #</Process><Process ToolSource="c:\program files (x86)\arcgis\desktop10.5\ArcToolbox\Toolboxes\Data Management Tools.tbx\AddField" Date="20171117" Time="151227">AddField Road_all_floods WL_FM1000 DOUBLE 10 5 # # NULLABLE NON_REQUIRED #</Process><Process ToolSource="c:\program files (x86)\arcgis\desktop10.5\ArcToolbox\Toolboxes\Data Management Tools.tbx\AddField" Date="20171117" Time="151432">AddField Road_all_floods WD_FM100 DOUBLE 10 5 # # NULLABLE NON_REQUIRED #</Process><Process ToolSource="c:\program files (x86)\arcgis\desktop10.5\ArcToolbox\Toolboxes\Data Management Tools.tbx\AddField" Date="20171117" Time="151434">AddField Road_all_floods WL_FM100 DOUBLE 10 5 # # NULLABLE NON_REQUIRED #</Process><Process ToolSource="c:\program files (x86)\arcgis\desktop10.5\ArcToolbox\Toolboxes\Data Management Tools.tbx\AddField" Date="20171117" Time="151635">AddField Road_all_floods WD_FM10 DOUBLE 10 5 # # NULLABLE NON_REQUIRED #</Process><Process ToolSource="c:\program files (x86)\arcgis\desktop10.5\ArcToolbox\Toolboxes\Data Management Tools.tbx\AddField" Date="20171117" Time="151637">AddField Road_all_floods WL_FM10 DOUBLE 10 5 # # NULLABLE NON_REQUIRED #</Process><Process ToolSource="c:\program files (x86)\arcgis\desktop10.5\ArcToolbox\Toolboxes\Data Management Tools.tbx\AddField" Date="20171117" Time="151842">AddField Road_all_floods WD_FM200 DOUBLE 10 5 # # NULLABLE NON_REQUIRED #</Process><Process ToolSource="c:\program files (x86)\arcgis\desktop10.5\ArcToolbox\Toolboxes\Data Management Tools.tbx\AddField" Date="20171117" Time="151844">AddField Road_all_floods WL_FM200 DOUBLE 10 5 # # NULLABLE NON_REQUIRED #</Process><Process ToolSource="c:\program files (x86)\arcgis\desktop10.5\ArcToolbox\Toolboxes\Data Management Tools.tbx\AddField" Date="20171117" Time="152047">AddField Road_all_floods WD_FM20 DOUBLE 10 5 # # NULLABLE NON_REQUIRED #</Process><Process ToolSource="c:\program files (x86)\arcgis\desktop10.5\ArcToolbox\Toolboxes\Data Management Tools.tbx\AddField" Date="20171117" Time="152050">AddField Road_all_floods WL_FM20 DOUBLE 10 5 # # NULLABLE NON_REQUIRED #</Process><Process ToolSource="c:\program files (x86)\arcgis\desktop10.5\ArcToolbox\Toolboxes\Data Management Tools.tbx\AddField" Date="20171117" Time="152256">AddField Road_all_floods WD_FM250 DOUBLE 10 5 # # NULLABLE NON_REQUIRED #</Process><Process ToolSource="c:\program files (x86)\arcgis\desktop10.5\ArcToolbox\Toolboxes\Data Management Tools.tbx\AddField" Date="20171117" Time="152259">AddField Road_all_floods WL_FM250 DOUBLE 10 5 # # NULLABLE NON_REQUIRED #</Process><Process ToolSource="c:\program files (x86)\arcgis\desktop10.5\ArcToolbox\Toolboxes\Data Management Tools.tbx\AddField" Date="20171117" Time="152505">AddField Road_all_floods WD_FM500 DOUBLE 10 5 # # NULLABLE NON_REQUIRED #</Process><Process ToolSource="c:\program files (x86)\arcgis\desktop10.5\ArcToolbox\Toolboxes\Data Management Tools.tbx\AddField" Date="20171117" Time="152507">AddField Road_all_floods WL_FM500 DOUBLE 10 5 # # NULLABLE NON_REQUIRED #</Process><Process ToolSource="c:\program files (x86)\arcgis\desktop10.5\ArcToolbox\Toolboxes\Data Management Tools.tbx\AddField" Date="20171117" Time="152711">AddField Road_all_floods WD_FM50 DOUBLE 10 5 # # NULLABLE NON_REQUIRED #</Process><Process ToolSource="c:\program files (x86)\arcgis\desktop10.5\ArcToolbox\Toolboxes\Data Management Tools.tbx\AddField" Date="20171117" Time="152713">AddField Road_all_floods WL_FM50 DOUBLE 10 5 # # NULLABLE NON_REQUIRED #</Process><Process ToolSource="c:\program files (x86)\arcgis\desktop10.5\ArcToolbox\Toolboxes\Data Management Tools.tbx\AddField" Date="20171117" Time="152916">AddField Road_all_floods WD_FM5 DOUBLE 10 5 # # NULLABLE NON_REQUIRED #</Process><Process ToolSource="c:\program files (x86)\arcgis\desktop10.5\ArcToolbox\Toolboxes\Data Management Tools.tbx\AddField" Date="20171117" Time="152919">AddField Road_all_floods WL_FM5 DOUBLE 10 5 # # NULLABLE NON_REQUIRED #</Process><Process ToolSource="c:\program files (x86)\arcgis\desktop10.5\ArcToolbox\Toolboxes\Data Management Tools.tbx\AddField" Date="20171117" Time="153130">AddField Road_all_floods WD_FM75 DOUBLE 10 5 # # NULLABLE NON_REQUIRED #</Process><Process ToolSource="c:\program files (x86)\arcgis\desktop10.5\ArcToolbox\Toolboxes\Data Management Tools.tbx\AddField" Date="20171117" Time="153133">AddField Road_all_floods WL_FM75 DOUBLE 10 5 # # NULLABLE NON_REQUIRED #</Process><Process ToolSource="c:\program files (x86)\arcgis\desktop10.5\ArcToolbox\Toolboxes\Data Management Tools.tbx\CalculateField" Date="20171121" Time="161044">CalculateField Road_all_floods total_cost [SUM_RUC__1] VB #</Process><Process ToolSource="c:\program files (x86)\arcgis\desktop10.5\ArcToolbox\Toolboxes\Data Management Tools.tbx\CalculateField" Date="20171121" Time="161113">CalculateField Road_all_floods length [SUM_Length] VB #</Process></lineage><itemProps><itemLocation><linkage Sync="TRUE">file://\\STELZNER2-C\Laptop_desktop\PROJECTS\Mozambique\Mozambique_roads_20170120_GDB_01.gdb</linkage><protocol Sync="TRUE">Local Area Network</protocol></itemLocation><itemName Sync="TRUE">MOZ_roads_all_20160804_ln_05dSJsj</itemName><imsContentType Sync="TRUE">002</imsContentType></itemProps><coordRef><type Sync="TRUE">Projected</type><geogcsn Sync="TRUE">GCS_WGS_1984</geogcsn><csUnits Sync="TRUE">Linear Unit: Meter (1.000000)</csUnits><projcsn Sync="TRUE">Africa_Albers_Equal_Area_Conic</projcsn><peXml Sync="TRUE">&lt;ProjectedCoordinateSystem xsi:type='typens:ProjectedCoordinateSystem' xmlns:xsi='http://www.w3.org/2001/XMLSchema-instance' xmlns:xs='http://www.w3.org/2001/XMLSchema' xmlns:typens='http://www.esri.com/schemas/ArcGIS/10.4'&gt;&lt;WKT&gt;PROJCS[&amp;quot;Africa_Albers_Equal_Area_Conic&amp;quot;,GEOGCS[&amp;quot;GCS_WGS_1984&amp;quot;,DATUM[&amp;quot;D_WGS_1984&amp;quot;,SPHEROID[&amp;quot;WGS_1984&amp;quot;,6378137.0,298.257223563]],PRIMEM[&amp;quot;Greenwich&amp;quot;,0.0],UNIT[&amp;quot;Degree&amp;quot;,0.0174532925199433]],PROJECTION[&amp;quot;Albers&amp;quot;],PARAMETER[&amp;quot;False_Easting&amp;quot;,0.0],PARAMETER[&amp;quot;False_Northing&amp;quot;,0.0],PARAMETER[&amp;quot;Central_Meridian&amp;quot;,25.0],PARAMETER[&amp;quot;Standard_Parallel_1&amp;quot;,20.0],PARAMETER[&amp;quot;Standard_Parallel_2&amp;quot;,-23.0],PARAMETER[&amp;quot;Latitude_Of_Origin&amp;quot;,0.0],UNIT[&amp;quot;Meter&amp;quot;,1.0],AUTHORITY[&amp;quot;Esri&amp;quot;,102022]]&lt;/WKT&gt;&lt;XOrigin&gt;-19156800&lt;/XOrigin&gt;&lt;YOrigin&gt;-7626900&lt;/YOrigin&gt;&lt;XYScale&gt;235091436.32394215&lt;/XYScale&gt;&lt;ZOrigin&gt;-100000&lt;/ZOrigin&gt;&lt;ZScale&gt;10000&lt;/ZScale&gt;&lt;MOrigin&gt;-100000&lt;/MOrigin&gt;&lt;MScale&gt;10000&lt;/MScale&gt;&lt;XYTolerance&gt;0.001&lt;/XYTolerance&gt;&lt;ZTolerance&gt;0.001&lt;/ZTolerance&gt;&lt;MTolerance&gt;0.001&lt;/MTolerance&gt;&lt;HighPrecision&gt;true&lt;/HighPrecision&gt;&lt;WKID&gt;102022&lt;/WKID&gt;&lt;LatestWKID&gt;102022&lt;/LatestWKID&gt;&lt;/ProjectedCoordinateSystem&gt;</peXml></coordRef></DataProperties><SyncDate>20160816</SyncDate><SyncTime>14590500</SyncTime><ModDate>20160816</ModDate><ModTime>14590500</ModTime><ArcGISstyle>FGDC CSDGM Metadata</ArcGISstyle></Esri><dataIdInfo><envirDesc Sync="TRUE">Microsoft Windows 7 Version 6.1 (Build 7601) Service Pack 1; Esri ArcGIS 10.4.0.5524</envirDesc><dataLang><languageCode value="eng" Sync="TRUE"></languageCode><countryCode value="USA" Sync="TRUE"></countryCode></dataLang><idCitation><resTitle Sync="TRUE">MOZ_roads_all_20160804_ln_05dSJsj</resTitle><presForm><PresFormCd value="005" Sync="TRUE"></PresFormCd></presForm></idCitation><spatRpType><SpatRepTypCd value="001" Sync="TRUE"></SpatRepTypCd></spatRpType></dataIdInfo><mdLang><languageCode value="eng" Sync="TRUE"></languageCode><countryCode value="USA" Sync="TRUE"></countryCode></mdLang><distInfo><distFormat><formatName Sync="TRUE">File Geodatabase Feature Class</formatName></distFormat></distInfo><mdHrLv><ScopeCd value="005" Sync="TRUE"></ScopeCd></mdHrLv><mdHrLvName Sync="TRUE">dataset</mdHrLvName><refSysInfo><RefSystem><refSysID><identCode code="102022" Sync="TRUE"></identCode><idCodeSpace Sync="TRUE">Esri</idCodeSpace><idVersion Sync="TRUE">8.0.1</idVersion></refSysID></RefSystem></refSysInfo><spatRepInfo><VectSpatRep><geometObjs Name="MOZ_roads_all_20160804_ln_05dSJsj"><geoObjTyp><GeoObjTypCd value="002" Sync="TRUE"></GeoObjTypCd></geoObjTyp><geoObjCnt Sync="TRUE">0</geoObjCnt></geometObjs><topLvl><TopoLevCd value="001" Sync="TRUE"></TopoLevCd></topLvl></VectSpatRep></spatRepInfo><spdoinfo><ptvctinf><esriterm Name="MOZ_roads_all_20160804_ln_05dSJsj"><efeatyp Sync="TRUE">Simple</efeatyp><efeageom code="3" Sync="TRUE"></efeageom><esritopo Sync="TRUE">FALSE</esritopo><efeacnt Sync="TRUE">0</efeacnt><spindex Sync="TRUE">TRUE</spindex><linrefer Sync="TRUE">FALSE</linrefer></esriterm></ptvctinf></spdoinfo><eainfo><detailed Name="MOZ_roads_all_20160804_ln_05dSJsj"><enttyp><enttypl Sync="TRUE">MOZ_roads_all_20160804_ln_05dSJsj</enttypl><enttypt Sync="TRUE">Feature Class</enttypt><enttypc Sync="TRUE">0</enttypc></enttyp><attr><attrlabl Sync="TRUE">OBJECTID</attrlabl><attalias Sync="TRUE">OBJECTID</attalias><attrtype Sync="TRUE">OID</attrtype><attwidth Sync="TRUE">4</attwidth><atprecis Sync="TRUE">0</atprecis><attscale Sync="TRUE">0</attscale><attrdef Sync="TRUE">Internal feature number.</attrdef><attrdefs Sync="TRUE">Esri</attrdefs><attrdomv><udom Sync="TRUE">Sequential unique whole numbers that are automatically generated.</udom></attrdomv></attr><attr><attrlabl Sync="TRUE">Shape</attrlabl><attalias Sync="TRUE">Shape</attalias><attrtype Sync="TRUE">Geometry</attrtype><attwidth Sync="TRUE">0</attwidth><atprecis Sync="TRUE">0</atprecis><attscale Sync="TRUE">0</attscale><attrdef Sync="TRUE">Feature geometry.</attrdef><attrdefs Sync="TRUE">Esri</attrdefs><attrdomv><udom Sync="TRUE">Coordinates defining the features.</udom></attrdomv></attr><attr><attrlabl Sync="TRUE">Dissolve_02</attrlabl><attalias Sync="TRUE">Dissolve_02</attalias><attrtype Sync="TRUE">SmallInteger</attrtype><attwidth Sync="TRUE">2</attwidth><atprecis Sync="TRUE">0</atprecis><attscale Sync="TRUE">0</attscale></attr><attr><attrlabl Sync="TRUE">SUM_SUM_SUM_RUC_km_total</attrlabl><attalias Sync="TRUE">SUM_SUM_SUM_RUC_km_total</attalias><attrtype Sync="TRUE">Double</attrtype><attwidth Sync="TRUE">8</attwidth><atprecis Sync="TRUE">0</atprecis><attscale Sync="TRUE">0</attscale></attr><attr><attrlabl Sync="TRUE">MIN_MIN_MIN_Avg_speed</attrlabl><attalias Sync="TRUE">MIN_MIN_MIN_Avg_speed</attalias><attrtype Sync="TRUE">Double</attrtype><attwidth Sync="TRUE">8</attwidth><atprecis Sync="TRUE">0</atprecis><attscale Sync="TRUE">0</attscale></attr><attr><attrlabl Sync="TRUE">MAX_MAX_MAX_Traffic_analysis</attrlabl><attalias Sync="TRUE">MAX_MAX_MAX_Traffic_analysis</attalias><attrtype Sync="TRUE">Double</attrtype><attwidth Sync="TRUE">8</attwidth><atprecis Sync="TRUE">0</atprecis><attscale Sync="TRUE">0</attscale></attr><attr><attrlabl Sync="TRUE">SUM_SUM_SUM_Length_km</attrlabl><attalias Sync="TRUE">SUM_SUM_SUM_Length_km</attalias><attrtype Sync="TRUE">Double</attrtype><attwidth Sync="TRUE">8</attwidth><atprecis Sync="TRUE">0</atprecis><attscale Sync="TRUE">0</attscale></attr><attr><attrlabl Sync="TRUE">SUM_SUM_SUM_Travel_time</attrlabl><attalias Sync="TRUE">SUM_SUM_SUM_Travel_time</attalias><attrtype Sync="TRUE">Double</attrtype><attwidth Sync="TRUE">8</attwidth><atprecis Sync="TRUE">0</atprecis><attscale Sync="TRUE">0</attscale></attr><attr><attrlabl Sync="TRUE">Shape_Length</attrlabl><attalias Sync="TRUE">Shape_Length</attalias><attrtype Sync="TRUE">Double</attrtype><attwidth Sync="TRUE">8</attwidth><atprecis Sync="TRUE">0</atprecis><attscale Sync="TRUE">0</attscale><attrdef Sync="TRUE">Length of feature in internal units.</attrdef><attrdefs Sync="TRUE">Esri</attrdefs><attrdomv><udom Sync="TRUE">Positive real numbers that are automatically generated.</udom></attrdomv></attr></detailed></eainfo><mdDateSt Sync="TRUE">20160816</mdDateSt></metadata>
